instance	family	nvars	max_arity	n_ge10	n_ge20
cat_paths_60_100_0000	Auction	101	2	0	0
cat_paths_60_100_0001	Auction	103	2	0	0
cat_paths_60_100_0002	Auction	102	2	0	0
cat_paths_60_100_0003	Auction	100	2	0	0
cat_paths_60_100_0004	Auction	101	2	0	0
cat_paths_60_100_0005	Auction	100	2	0	0
cat_paths_60_100_0006	Auction	102	2	0	0
cat_paths_60_100_0007	Auction	100	2	0	0
cat_paths_60_110_0000	Auction	110	2	0	0
cat_paths_60_110_0001	Auction	113	2	0	0
cat_paths_60_110_0002	Auction	110	2	0	0
cat_paths_60_110_0003	Auction	110	2	0	0
cat_paths_60_110_0004	Auction	110	2	0	0
cat_paths_60_110_0005	Auction	113	2	0	0
cat_paths_60_110_0006	Auction	110	2	0	0
cat_paths_60_110_0007	Auction	113	2	0	0
cat_paths_60_120_0000	Auction	123	2	0	0
cat_paths_60_120_0001	Auction	122	2	0	0
cat_paths_60_120_0002	Auction	120	2	0	0
cat_paths_60_120_0003	Auction	120	2	0	0
cat_paths_60_120_0004	Auction	121	2	0	0
cat_paths_60_120_0005	Auction	120	2	0	0
cat_paths_60_120_0006	Auction	123	2	0	0
cat_paths_60_120_0007	Auction	120	2	0	0
cat_paths_60_130_0000	Auction	130	2	0	0
cat_paths_60_130_0001	Auction	131	2	0	0
cat_paths_60_130_0002	Auction	134	2	0	0
cat_paths_60_130_0003	Auction	132	2	0	0
cat_paths_60_130_0004	Auction	130	2	0	0
cat_paths_60_130_0005	Auction	130	2	0	0
cat_paths_60_130_0006	Auction	131	2	0	0
cat_paths_60_130_0007	Auction	131	2	0	0
cat_paths_60_140_0000	Auction	141	2	0	0
cat_paths_60_140_0001	Auction	143	2	0	0
cat_paths_60_140_0002	Auction	141	2	0	0
cat_paths_60_140_0003	Auction	144	2	0	0
cat_paths_60_140_0004	Auction	144	2	0	0
cat_paths_60_140_0005	Auction	141	2	0	0
cat_paths_60_140_0006	Auction	141	2	0	0
cat_paths_60_140_0007	Auction	142	2	0	0
cat_paths_60_150_0000	Auction	150	2	0	0
cat_paths_60_150_0001	Auction	150	2	0	0
cat_paths_60_150_0002	Auction	150	2	0	0
cat_paths_60_150_0003	Auction	151	2	0	0
cat_paths_60_150_0004	Auction	152	2	0	0
cat_paths_60_150_0005	Auction	150	2	0	0
cat_paths_60_150_0006	Auction	154	2	0	0
cat_paths_60_150_0007	Auction	153	2	0	0
cat_paths_60_160_0000	Auction	160	2	0	0
cat_paths_60_160_0001	Auction	161	2	0	0
cat_paths_60_160_0002	Auction	162	2	0	0
cat_paths_60_160_0003	Auction	161	2	0	0
cat_paths_60_160_0004	Auction	160	2	0	0
cat_paths_60_160_0005	Auction	163	2	0	0
cat_paths_60_160_0006	Auction	164	2	0	0
cat_paths_60_160_0007	Auction	161	2	0	0
cat_paths_60_170_0000	Auction	170	2	0	0
cat_paths_60_170_0003	Auction	171	2	0	0
cat_paths_60_170_0004	Auction	171	2	0	0
cat_paths_60_170_0005	Auction	172	2	0	0
cat_paths_60_170_0006	Auction	171	2	0	0
cat_paths_60_170_0007	Auction	171	2	0	0
cat_paths_60_70_0000	Auction	70	2	0	0
cat_paths_60_70_0001	Auction	73	2	0	0
cat_paths_60_70_0002	Auction	70	2	0	0
cat_paths_60_70_0003	Auction	70	2	0	0
cat_paths_60_70_0004	Auction	70	2	0	0
cat_paths_60_70_0005	Auction	72	2	0	0
cat_paths_60_70_0006	Auction	71	2	0	0
cat_paths_60_70_0007	Auction	74	2	0	0
cat_paths_60_80_0000	Auction	80	2	0	0
cat_paths_60_80_0001	Auction	81	2	0	0
cat_paths_60_80_0002	Auction	81	2	0	0
cat_paths_60_80_0003	Auction	80	2	0	0
cat_paths_60_80_0004	Auction	80	2	0	0
cat_paths_60_80_0005	Auction	84	2	0	0
cat_paths_60_80_0006	Auction	82	2	0	0
cat_paths_60_80_0007	Auction	81	2	0	0
cat_paths_60_90_0000	Auction	90	2	0	0
cat_paths_60_90_0001	Auction	93	2	0	0
cat_paths_60_90_0002	Auction	93	2	0	0
cat_paths_60_90_0003	Auction	92	2	0	0
cat_paths_60_90_0004	Auction	91	2	0	0
cat_paths_60_90_0005	Auction	93	2	0	0
cat_paths_60_90_0006	Auction	90	2	0	0
cat_paths_60_90_0007	Auction	91	2	0	0
cat_sched_60_100_0000	Auction	149	2	0	0
cat_sched_60_100_0001	Auction	111	2	0	0
cat_sched_60_100_0002	Auction	111	2	0	0
cat_sched_60_100_0003	Auction	127	2	0	0
cat_sched_60_100_0004	Auction	107	2	0	0
cat_sched_60_100_0005	Auction	113	2	0	0
cat_sched_60_110_0000	Auction	159	2	0	0
cat_sched_60_110_0001	Auction	144	2	0	0
cat_sched_60_110_0002	Auction	131	2	0	0
cat_sched_60_110_0003	Auction	136	2	0	0
cat_sched_60_110_0004	Auction	129	2	0	0
cat_sched_60_110_0005	Auction	124	2	0	0
cat_sched_60_120_0000	Auction	166	2	0	0
cat_sched_60_120_0001	Auction	177	2	0	0
cat_sched_60_120_0002	Auction	152	2	0	0
cat_sched_60_120_0003	Auction	158	2	0	0
cat_sched_60_120_0004	Auction	163	2	0	0
cat_sched_60_120_0005	Auction	148	2	0	0
cat_sched_60_130_0000	Auction	163	2	0	0
cat_sched_60_130_0001	Auction	148	2	0	0
cat_sched_60_130_0002	Auction	168	2	0	0
cat_sched_60_130_0003	Auction	142	2	0	0
cat_sched_60_130_0004	Auction	165	2	0	0
cat_sched_60_130_0005	Auction	144	2	0	0
cat_sched_60_140_0000	Auction	166	2	0	0
cat_sched_60_140_0001	Auction	171	2	0	0
cat_sched_60_140_0002	Auction	196	2	0	0
cat_sched_60_140_0003	Auction	167	2	0	0
cat_sched_60_140_0004	Auction	198	2	0	0
cat_sched_60_140_0005	Auction	166	2	0	0
cat_sched_60_150_0000	Auction	159	2	0	0
cat_sched_60_150_0001	Auction	172	2	0	0
cat_sched_60_150_0002	Auction	153	2	0	0
cat_sched_60_150_0003	Auction	160	2	0	0
cat_sched_60_150_0004	Auction	158	2	0	0
cat_sched_60_150_0005	Auction	202	2	0	0
cat_sched_60_160_0000	Auction	160	2	0	0
cat_sched_60_160_0001	Auction	187	2	0	0
cat_sched_60_160_0002	Auction	183	2	0	0
cat_sched_60_160_0003	Auction	161	2	0	0
cat_sched_60_160_0004	Auction	171	2	0	0
cat_sched_60_160_0005	Auction	162	2	0	0
cat_sched_60_170_0000	Auction	179	2	0	0
cat_sched_60_170_0001	Auction	208	2	0	0
cat_sched_60_170_0002	Auction	181	2	0	0
cat_sched_60_170_0003	Auction	198	2	0	0
cat_sched_60_170_0004	Auction	172	2	0	0
cat_sched_60_170_0005	Auction	218	2	0	0
cat_sched_60_180_0000	Auction	196	2	0	0
cat_sched_60_180_0001	Auction	186	2	0	0
cat_sched_60_180_0002	Auction	219	2	0	0
cat_sched_60_180_0003	Auction	207	2	0	0
cat_sched_60_180_0004	Auction	218	2	0	0
cat_sched_60_180_0005	Auction	210	2	0	0
cat_sched_60_190_0000	Auction	215	2	0	0
cat_sched_60_190_0001	Auction	216	2	0	0
cat_sched_60_190_0002	Auction	240	2	0	0
cat_sched_60_190_0003	Auction	192	2	0	0
cat_sched_60_190_0004	Auction	227	2	0	0
cat_sched_60_190_0005	Auction	228	2	0	0
cat_sched_60_200_0000	Auction	246	2	0	0
cat_sched_60_200_0001	Auction	202	2	0	0
cat_sched_60_200_0002	Auction	217	2	0	0
cat_sched_60_200_0003	Auction	205	2	0	0
cat_sched_60_200_0004	Auction	234	2	0	0
cat_sched_60_200_0005	Auction	212	2	0	0
cat_sched_60_70_0000	Auction	99	2	0	0
cat_sched_60_70_0001	Auction	94	2	0	0
cat_sched_60_70_0002	Auction	119	2	0	0
cat_sched_60_70_0003	Auction	86	2	0	0
cat_sched_60_70_0004	Auction	102	2	0	0
cat_sched_60_70_0005	Auction	104	2	0	0
cat_sched_60_80_0000	Auction	113	2	0	0
cat_sched_60_80_0001	Auction	92	2	0	0
cat_sched_60_80_0002	Auction	125	2	0	0
cat_sched_60_80_0003	Auction	113	2	0	0
cat_sched_60_80_0004	Auction	114	2	0	0
cat_sched_60_80_0005	Auction	105	2	0	0
cat_sched_60_90_0000	Auction	93	2	0	0
cat_sched_60_90_0001	Auction	102	2	0	0
cat_sched_60_90_0002	Auction	102	2	0	0
cat_sched_60_90_0003	Auction	101	2	0	0
cat_sched_60_90_0004	Auction	101	2	0	0
cat_sched_60_90_0005	Auction	99	2	0	0
TST_test_0001_88_115	ChineseChars	10120	2	0	0
TST_test_0002_88_105	ChineseChars	9240	2	0	0
TST_test_0003_64_99	ChineseChars	6336	2	0	0
TST_test_0004_88_97	ChineseChars	8536	2	0	0
TST_test_0005_120_97	ChineseChars	11640	2	0	0
TST_test_0006_112_99	ChineseChars	11088	2	0	0
TST_test_0007_88_112	ChineseChars	9856	2	0	0
TST_test_0008_80_102	ChineseChars	8160	2	0	0
TST_test_0009_64_80	ChineseChars	5120	2	0	0
TST_test_0010_80_109	ChineseChars	8720	2	0	0
TST_test_0011_96_101	ChineseChars	9696	2	0	0
TST_test_0012_88_103	ChineseChars	9064	2	0	0
TST_test_0013_64_94	ChineseChars	6016	2	0	0
TST_test_0014_72_73	ChineseChars	5256	2	0	0
TST_test_0015_80_73	ChineseChars	5840	2	0	0
TST_test_0016_72_83	ChineseChars	5976	2	0	0
TST_test_0017_112_101	ChineseChars	11312	2	0	0
TST_test_0018_80_110	ChineseChars	8800	2	0	0
TST_test_0019_120_106	ChineseChars	12720	2	0	0
TST_test_0020_96_94	ChineseChars	9024	2	0	0
TST_test_0021_112_124	ChineseChars	13888	2	0	0
TST_test_0022_80_85	ChineseChars	6800	2	0	0
TST_test_0023_112_112	ChineseChars	12544	2	0	0
TST_test_0024_88_126	ChineseChars	11088	2	0	0
TST_test_0025_64_92	ChineseChars	5888	2	0	0
TST_test_0026_56_92	ChineseChars	5152	2	0	0
TST_test_0027_88_109	ChineseChars	9592	2	0	0
TST_test_0028_48_105	ChineseChars	5040	2	0	0
TST_test_0029_96_117	ChineseChars	11232	2	0	0
TST_test_0030_112_123	ChineseChars	13776	2	0	0
TST_test_0031_64_78	ChineseChars	4992	2	0	0
TST_test_0032_64_89	ChineseChars	5696	2	0	0
TST_test_0033_88_84	ChineseChars	7392	2	0	0
TST_test_0034_112_94	ChineseChars	10528	2	0	0
TST_test_0035_80_86	ChineseChars	6880	2	0	0
TST_test_0036_72_114	ChineseChars	8208	2	0	0
TST_test_0037_80_101	ChineseChars	8080	2	0	0
TST_test_0038_96_110	ChineseChars	10560	2	0	0
TST_test_0039_80_99	ChineseChars	7920	2	0	0
TST_test_0040_80_93	ChineseChars	7440	2	0	0
TST_test_0041_88_96	ChineseChars	8448	2	0	0
TST_test_0042_72_104	ChineseChars	7488	2	0	0
TST_test_0043_72_106	ChineseChars	7632	2	0	0
TST_test_0044_56_93	ChineseChars	5208	2	0	0
TST_test_0045_80_120	ChineseChars	9600	2	0	0
TST_test_0046_96_105	ChineseChars	10080	2	0	0
TST_test_0047_112_121	ChineseChars	13552	2	0	0
TST_test_0048_72_98	ChineseChars	7056	2	0	0
TST_test_0049_96_79	ChineseChars	7584	2	0	0
TST_test_0050_88_94	ChineseChars	8272	2	0	0
TST_test_0051_64_106	ChineseChars	6784	2	0	0
TST_test_0052_96_107	ChineseChars	10272	2	0	0
TST_test_0053_88_118	ChineseChars	10384	2	0	0
TST_test_0054_88_106	ChineseChars	9328	2	0	0
TST_test_0055_96_108	ChineseChars	10368	2	0	0
TST_test_0056_88_112	ChineseChars	9856	2	0	0
TST_test_0057_80_95	ChineseChars	7600	2	0	0
TST_test_0058_144_124	ChineseChars	17856	2	0	0
TST_test_0059_104_73	ChineseChars	7592	2	0	0
TST_test_0060_80_111	ChineseChars	8880	2	0	0
TST_test_0061_88_86	ChineseChars	7568	2	0	0
TST_test_0062_88_106	ChineseChars	9328	2	0	0
TST_test_0063_120_108	ChineseChars	12960	2	0	0
TST_test_0064_80_103	ChineseChars	8240	2	0	0
TST_test_0065_104_94	ChineseChars	9776	2	0	0
TST_test_0066_96_121	ChineseChars	11616	2	0	0
TST_test_0067_96_121	ChineseChars	11616	2	0	0
TST_test_0068_72_94	ChineseChars	6768	2	0	0
TST_test_0069_96_109	ChineseChars	10464	2	0	0
TST_test_0070_88_96	ChineseChars	8448	2	0	0
TST_test_0071_72_94	ChineseChars	6768	2	0	0
TST_test_0072_96_113	ChineseChars	10848	2	0	0
TST_test_0073_128_113	ChineseChars	14464	2	0	0
TST_test_0074_96_107	ChineseChars	10272	2	0	0
TST_test_0075_88_92	ChineseChars	8096	2	0	0
TST_test_0076_80_93	ChineseChars	7440	2	0	0
TST_test_0077_96_95	ChineseChars	9120	2	0	0
TST_test_0078_72_108	ChineseChars	7776	2	0	0
TST_test_0079_88_81	ChineseChars	7128	2	0	0
TST_test_0080_104_107	ChineseChars	11128	2	0	0
TST_test_0081_112_96	ChineseChars	10752	2	0	0
TST_test_0082_96_106	ChineseChars	10176	2	0	0
TST_test_0083_72_105	ChineseChars	7560	2	0	0
TST_test_0084_120_115	ChineseChars	13800	2	0	0
TST_test_0085_64_126	ChineseChars	8064	2	0	0
TST_test_0086_80_112	ChineseChars	8960	2	0	0
TST_test_0087_88_124	ChineseChars	10912	2	0	0
TST_test_0088_104_107	ChineseChars	11128	2	0	0
TST_test_0089_72_92	ChineseChars	6624	2	0	0
TST_test_0090_104_116	ChineseChars	12064	2	0	0
TST_test_0091_136_95	ChineseChars	12920	2	0	0
TST_test_0092_96_111	ChineseChars	10656	2	0	0
TST_test_0093_104_105	ChineseChars	10920	2	0	0
TST_test_0094_64_131	ChineseChars	8384	2	0	0
TST_test_0095_128_109	ChineseChars	13952	2	0	0
TST_test_0096_56_107	ChineseChars	5992	2	0	0
TST_test_0097_56_111	ChineseChars	6216	2	0	0
TST_test_0098_112_98	ChineseChars	10976	2	0	0
TST_test_0099_72_105	ChineseChars	7560	2	0	0
TST_test_0100_80_102	ChineseChars	8160	2	0	0
geom-40-2-ext_1000	Coloring	40	2	0	0
le-450-5a-2-ext_1000	Coloring	450	2	0	0
rus_100_200_1_1	DBN	1094	2	0	0
rus_100_200_2_1	DBN	1094	2	0	0
rus_100_200_3_1	DBN	1094	2	0	0
rus_100_200_3_3	DBN	1094	2	0	0
rus_100_200_4_3	DBN	1094	2	0	0
rus_100_200_5_3	DBN	1094	2	0	0
rus_100_200_6_1	DBN	1094	2	0	0
rus_100_200_7_1	DBN	1094	2	0	0
rus_20_40_0_1	DBN	854	2	0	0
rus_20_40_0_2	DBN	854	2	0	0
rus_20_40_0_3	DBN	854	2	0	0
rus_20_40_1_1	DBN	854	2	0	0
rus_20_40_1_2	DBN	854	2	0	0
rus_20_40_1_3	DBN	854	2	0	0
rus_20_40_2_1	DBN	854	2	0	0
rus_20_40_2_2	DBN	854	2	0	0
rus_20_40_2_3	DBN	854	2	0	0
rus_20_40_3_1	DBN	854	2	0	0
rus_20_40_3_2	DBN	854	2	0	0
rus_20_40_3_3	DBN	854	2	0	0
rus_20_40_4_1	DBN	854	2	0	0
rus_20_40_4_2	DBN	854	2	0	0
rus_20_40_4_3	DBN	854	2	0	0
rus_20_40_5_1	DBN	854	2	0	0
rus_20_40_5_2	DBN	854	2	0	0
rus_20_40_5_3	DBN	854	2	0	0
rus_20_40_6_1	DBN	854	2	0	0
rus_20_40_6_2	DBN	854	2	0	0
rus_20_40_6_3	DBN	854	2	0	0
rus_20_40_7_1	DBN	854	2	0	0
rus_20_40_7_2	DBN	854	2	0	0
rus_20_40_7_3	DBN	854	2	0	0
rus_20_40_8_1	DBN	854	2	0	0
rus_20_40_8_2	DBN	854	2	0	0
rus_20_40_8_3	DBN	854	2	0	0
rus_20_40_9_1	DBN	854	2	0	0
rus_20_40_9_2	DBN	854	2	0	0
rus_20_40_9_3	DBN	854	2	0	0
rus2_100_200_0_1	DBN	1094	2	0	0
rus2_100_200_1_1	DBN	1094	2	0	0
rus2_100_200_3_1	DBN	1094	2	0	0
rus2_100_200_3_3	DBN	1094	2	0	0
rus2_100_200_5_1	DBN	1094	2	0	0
rus2_100_200_5_2	DBN	1094	2	0	0
rus2_100_200_6_3	DBN	1094	2	0	0
rus2_100_200_7_1	DBN	1094	2	0	0
rus2_100_200_8_1	DBN	1094	2	0	0
rus2_100_200_9_1	DBN	1094	2	0	0
rus2_20_40_0_1	DBN	854	2	0	0
rus2_20_40_0_2	DBN	854	2	0	0
rus2_20_40_0_3	DBN	854	2	0	0
rus2_20_40_1_1	DBN	854	2	0	0
rus2_20_40_1_2	DBN	854	2	0	0
rus2_20_40_1_3	DBN	854	2	0	0
rus2_20_40_2_1	DBN	854	2	0	0
rus2_20_40_2_2	DBN	854	2	0	0
rus2_20_40_2_3	DBN	854	2	0	0
rus2_20_40_3_1	DBN	854	2	0	0
rus2_20_40_3_2	DBN	854	2	0	0
rus2_20_40_3_3	DBN	854	2	0	0
rus2_20_40_4_1	DBN	854	2	0	0
rus2_20_40_4_2	DBN	854	2	0	0
rus2_20_40_4_3	DBN	854	2	0	0
rus2_20_40_5_1	DBN	854	2	0	0
rus2_20_40_5_2	DBN	854	2	0	0
rus2_20_40_5_3	DBN	854	2	0	0
rus2_20_40_6_1	DBN	854	2	0	0
rus2_20_40_6_2	DBN	854	2	0	0
rus2_20_40_6_3	DBN	854	2	0	0
rus2_20_40_7_1	DBN	854	2	0	0
rus2_20_40_7_2	DBN	854	2	0	0
rus2_20_40_7_3	DBN	854	2	0	0
rus2_20_40_8_1	DBN	854	2	0	0
rus2_20_40_8_2	DBN	854	2	0	0
rus2_20_40_8_3	DBN	854	2	0	0
rus2_20_40_9_1	DBN	854	2	0	0
rus2_20_40_9_2	DBN	854	2	0	0
rus2_20_40_9_3	DBN	854	2	0	0
rus2_50_100_0_2	DBN	944	2	0	0
rus2_50_100_0_3	DBN	944	2	0	0
rus2_50_100_1_1	DBN	944	2	0	0
rus2_50_100_1_3	DBN	944	2	0	0
rus2_50_100_2_1	DBN	944	2	0	0
rus2_50_100_3_1	DBN	944	2	0	0
rus2_50_100_3_2	DBN	944	2	0	0
rus2_50_100_4_1	DBN	944	2	0	0
rus2_50_100_4_2	DBN	944	2	0	0
rus2_50_100_5_1	DBN	944	2	0	0
rus2_50_100_5_2	DBN	944	2	0	0
rus2_50_100_6_1	DBN	944	2	0	0
rus2_50_100_6_2	DBN	944	2	0	0
rus2_50_100_6_3	DBN	944	2	0	0
rus2_50_100_7_1	DBN	944	2	0	0
rus2_50_100_7_2	DBN	944	2	0	0
rus2_50_100_7_3	DBN	944	2	0	0
rus2_50_100_8_1	DBN	944	2	0	0
rus2_50_100_9_3	DBN	944	2	0	0
rus_50_100_2_3	DBN	944	2	0	0
rus_50_100_3_1	DBN	944	2	0	0
rus_50_100_3_2	DBN	944	2	0	0
rus_50_100_4_1	DBN	944	2	0	0
rus_50_100_4_3	DBN	944	2	0	0
rus_50_100_6_1	DBN	944	2	0	0
rus_50_100_6_2	DBN	944	2	0	0
rus_50_100_7_1	DBN	944	2	0	0
rus_50_100_7_2	DBN	944	2	0	0
rus_50_100_8_1	DBN	944	2	0	0
rus_50_100_9_3	DBN	944	2	0	0
grid20x20.f10	Grid	400	2	0	0
grid20x20.f10.wrap	Grid	400	2	0	0
grid20x20.f15	Grid	400	2	0	0
grid20x20.f15.wrap	Grid	400	2	0	0
grid20x20.f5.wrap	Grid	400	2	0	0
grid40x40.f10	Grid	1600	2	0	0
grid40x40.f10.wrap	Grid	1600	2	0	0
grid40x40.f15	Grid	1600	2	0	0
grid40x40.f15.wrap	Grid	1600	2	0	0
grid40x40.f2	Grid	1600	2	0	0
grid40x40.f2.wrap	Grid	1600	2	0	0
grid40x40.f5	Grid	1600	2	0	0
grid40x40.f5.wrap	Grid	1600	2	0	0
grid80x80.f10	Grid	6400	2	0	0
grid80x80.f10.wrap	Grid	6400	2	0	0
grid80x80.f15	Grid	6400	2	0	0
grid80x80.f15.wrap	Grid	6400	2	0	0
grid80x80.f2	Grid	6400	2	0	0
grid80x80.f2.wrap	Grid	6400	2	0	0
grid80x80.f5	Grid	6400	2	0	0
grid80x80.f5.wrap	Grid	6400	2	0	0
10_14_s.binary	Segmentation	231	2	0	0
10_16_s.binary	Segmentation	233	2	0	0
11_17_s.binary	Segmentation	228	2	0	0
11_3_s.binary	Segmentation	232	2	0	0
11_4_s.binary	Segmentation	230	2	0	0
12_15_s.binary	Segmentation	231	2	0	0
12_20_s.binary	Segmentation	230	2	0	0
12_4_s.binary	Segmentation	224	2	0	0
1_28_s.binary	Segmentation	230	2	0	0
13_14_s.binary	Segmentation	221	2	0	0
13_30_s.binary	Segmentation	227	2	0	0
13_9_s.binary	Segmentation	228	2	0	0
14_26_s.binary	Segmentation	228	2	0	0
14_30_s.binary	Segmentation	228	2	0	0
15_3_s.binary	Segmentation	231	2	0	0
16_16_s.binary	Segmentation	226	2	0	0
16_18_s.binary	Segmentation	232	2	0	0
17_4_s.binary	Segmentation	231	2	0	0
18_10_s.binary	Segmentation	225	2	0	0
18_11_s.binary	Segmentation	222	2	0	0
18_1_s.binary	Segmentation	225	2	0	0
18_21_s.binary	Segmentation	231	2	0	0
18_30_s.binary	Segmentation	229	2	0	0
19_12_s.binary	Segmentation	233	2	0	0
19_20_s.binary	Segmentation	232	2	0	0
19_25_s.binary	Segmentation	228	2	0	0
19_4_s.binary	Segmentation	230	2	0	0
20_12_s.binary	Segmentation	227	2	0	0
20_5_s.binary	Segmentation	232	2	0	0
20_9_s.binary	Segmentation	231	2	0	0
2_17_s.binary	Segmentation	228	2	0	0
2_28_s.binary	Segmentation	229	2	0	0
2_2_s.binary	Segmentation	227	2	0	0
3_16_s.binary	Segmentation	229	2	0	0
3_20_s.binary	Segmentation	232	2	0	0
4_24_s.binary	Segmentation	228	2	0	0
4_30_s.binary	Segmentation	229	2	0	0
5_3_s.binary	Segmentation	225	2	0	0
6_23_s.binary	Segmentation	237	2	0	0
6_3_s.binary	Segmentation	231	2	0	0
7_11_s.binary	Segmentation	235	2	0	0
7_12_s.binary	Segmentation	233	2	0	0
7_15_s.binary	Segmentation	231	2	0	0
7_29_s.binary	Segmentation	229	2	0	0
7_9_s.binary	Segmentation	233	2	0	0
8_18_s.binary	Segmentation	226	2	0	0
8_25_s.binary	Segmentation	223	2	0	0
8_8_s.binary	Segmentation	224	2	0	0
9_10_s.binary	Segmentation	230	2	0	0
9_24_s.binary	Segmentation	232	2	0	0
ped2.B.recomb1-0.01-1	Haplotyping	168151	579	483	476
ped2.B.recomb1-0.01-2	Haplotyping	169735	579	492	482
ped2.B.recomb1-0.01-3	Haplotyping	169018	579	490	482
ped2.B.recomb1-0.01-4	Haplotyping	168236	579	478	468
ped2.B.recomb1-0.01-5	Haplotyping	168514	580	486	478
ped2.B.recomb1-0.10-10	Haplotyping	171862	579	527	519
ped2.B.recomb1-0.10-6	Haplotyping	171591	579	523	512
ped2.B.recomb1-0.10-7	Haplotyping	171378	579	528	518
ped2.B.recomb1-0.10-8	Haplotyping	171525	579	522	512
ped2.B.recomb1-0.10-9	Haplotyping	171883	579	526	517
ped2.B.recomb1-0.20-11	Haplotyping	172729	579	539	530
ped2.B.recomb1-0.20-12	Haplotyping	172671	580	540	531
ped2.B.recomb1-0.20-13	Haplotyping	173198	579	549	540
ped2.B.recomb1-0.20-14	Haplotyping	172723	580	538	528
ped2.B.recomb1-0.20-15	Haplotyping	172830	579	544	535
ped2.G.recomb10-0.01-1	Haplotyping	207876	579	517	507
ped2.G.recomb10-0.01-2	Haplotyping	208409	579	524	516
ped2.G.recomb10-0.01-3	Haplotyping	208782	579	517	509
ped2.G.recomb10-0.01-4	Haplotyping	208016	579	515	506
ped2.G.recomb10-0.01-5	Haplotyping	208271	579	520	513
ped2.G.recomb10-0.10-10	Haplotyping	211356	579	544	537
ped2.G.recomb10-0.10-6	Haplotyping	211596	579	540	532
ped2.G.recomb10-0.10-7	Haplotyping	211110	579	553	543
ped2.G.recomb10-0.10-8	Haplotyping	211991	579	548	538
ped2.G.recomb10-0.10-9	Haplotyping	211564	579	548	538
ped2.G.recomb1-0.01-1	Haplotyping	208173	579	535	525
ped2.G.recomb1-0.01-2	Haplotyping	208001	580	529	521
ped2.G.recomb1-0.01-3	Haplotyping	208528	579	535	527
ped2.G.recomb1-0.01-4	Haplotyping	208193	579	543	534
ped2.G.recomb1-0.01-5	Haplotyping	208642	579	535	526
ped2.G.recomb10-0.20-11	Haplotyping	213655	579	556	547
ped2.G.recomb10-0.20-12	Haplotyping	214302	579	552	544
ped2.G.recomb10-0.20-13	Haplotyping	215039	579	550	542
ped2.G.recomb10-0.20-14	Haplotyping	214997	579	555	546
ped2.G.recomb10-0.20-15	Haplotyping	214821	579	559	553
ped2.G.recomb1-0.10-10	Haplotyping	213118	579	560	550
ped2.G.recomb1-0.10-6	Haplotyping	211746	579	558	550
ped2.G.recomb1-0.10-7	Haplotyping	212823	579	559	552
ped2.G.recomb1-0.10-8	Haplotyping	212006	579	561	551
ped2.G.recomb1-0.10-9	Haplotyping	212398	579	560	553
ped2.G.recomb1-0.20-11	Haplotyping	214066	579	565	555
ped2.G.recomb1-0.20-12	Haplotyping	214813	579	563	556
ped2.G.recomb1-0.20-13	Haplotyping	216117	579	563	553
ped2.G.recomb1-0.20-14	Haplotyping	214550	579	567	557
ped2.G.recomb1-0.20-15	Haplotyping	214438	579	563	553
ped2.G.recomb5-0.01-1	Haplotyping	208381	579	529	522
ped2.G.recomb5-0.01-2	Haplotyping	208141	579	537	531
ped2.G.recomb5-0.01-3	Haplotyping	208501	579	520	514
ped2.G.recomb5-0.01-4	Haplotyping	208233	579	531	521
ped2.G.recomb5-0.01-5	Haplotyping	208489	579	524	518
ped2.G.recomb5-0.10-10	Haplotyping	212787	579	551	542
ped2.G.recomb5-0.10-6	Haplotyping	212211	579	543	536
ped2.G.recomb5-0.10-7	Haplotyping	212648	579	558	550
ped2.G.recomb5-0.10-8	Haplotyping	212735	579	561	552
ped2.G.recomb5-0.10-9	Haplotyping	212153	579	554	546
ped2.G.recomb5-0.20-11	Haplotyping	214355	579	563	552
ped2.G.recomb5-0.20-12	Haplotyping	215887	579	565	555
ped2.G.recomb5-0.20-13	Haplotyping	215064	579	562	553
ped2.G.recomb5-0.20-14	Haplotyping	215135	580	563	553
ped2.G.recomb5-0.20-15	Haplotyping	214926	580	551	541
ped3.D.recomb10-0.20-11	Haplotyping	62688	339	319	309
ped3.D.recomb10-0.20-12	Haplotyping	62161	339	308	301
ped3.D.recomb10-0.20-13	Haplotyping	62963	339	320	311
ped3.D.recomb10-0.20-14	Haplotyping	62815	340	322	312
ped3.D.recomb10-0.20-15	Haplotyping	62483	339	312	303
ped3.E.recomb10-0.20-11	Haplotyping	73150	340	329	320
ped3.E.recomb10-0.20-12	Haplotyping	73055	339	327	318
ped3.E.recomb10-0.20-13	Haplotyping	73373	339	323	314
ped3.E.recomb10-0.20-14	Haplotyping	72595	340	328	320
ped3.E.recomb10-0.20-15	Haplotyping	73405	339	327	317
ped3.F.recomb10-0.01-1	Haplotyping	67977	339	299	290
ped3.F.recomb10-0.01-2	Haplotyping	67907	339	292	287
ped3.F.recomb10-0.01-3	Haplotyping	68211	339	301	294
ped3.F.recomb10-0.01-4	Haplotyping	68088	339	305	295
ped3.F.recomb10-0.01-5	Haplotyping	68280	339	305	296
ped3.F.recomb10-0.10-10	Haplotyping	70149	339	325	316
ped3.F.recomb10-0.10-6	Haplotyping	69941	339	316	311
ped3.F.recomb10-0.10-7	Haplotyping	69681	340	321	311
ped3.F.recomb10-0.10-8	Haplotyping	69731	339	324	316
ped3.F.recomb10-0.10-9	Haplotyping	70131	339	326	317
ped3.F.recomb10-0.20-11	Haplotyping	70483	339	329	318
ped3.F.recomb10-0.20-12	Haplotyping	70317	339	328	319
ped3.F.recomb10-0.20-13	Haplotyping	70672	339	326	316
ped3.F.recomb10-0.20-14	Haplotyping	70162	339	322	317
ped3.F.recomb10-0.20-15	Haplotyping	70364	339	326	317
ped3.G.recomb10-0.01-1	Haplotyping	80098	339	300	290
ped3.G.recomb10-0.01-2	Haplotyping	79938	339	294	287
ped3.G.recomb10-0.01-3	Haplotyping	80211	339	296	290
ped3.G.recomb10-0.01-4	Haplotyping	79993	339	305	296
ped3.G.recomb10-0.01-5	Haplotyping	79975	339	301	294
ped3.G.recomb10-0.10-10	Haplotyping	82301	339	310	304
ped3.G.recomb10-0.10-6	Haplotyping	82089	339	311	306
ped3.G.recomb10-0.10-7	Haplotyping	82096	339	310	305
ped3.G.recomb10-0.10-8	Haplotyping	81524	339	312	306
ped3.G.recomb10-0.10-9	Haplotyping	82070	339	314	307
ped3.G.recomb10-0.20-11	Haplotyping	83113	339	321	311
ped3.G.recomb10-0.20-12	Haplotyping	83617	339	317	311
ped3.G.recomb10-0.20-13	Haplotyping	83000	339	318	310
ped3.G.recomb10-0.20-14	Haplotyping	83297	339	325	316
ped3.G.recomb10-0.20-15	Haplotyping	83622	340	320	313
brock200_1.clq	MaxClique	200	2	0	0
brock200_2.clq	MaxClique	200	2	0	0
brock200_3.clq	MaxClique	200	2	0	0
brock200_4.clq	MaxClique	200	2	0	0
brock400_1.clq	MaxClique	400	2	0	0
brock400_2.clq	MaxClique	400	2	0	0
brock400_3.clq	MaxClique	400	2	0	0
brock400_4.clq	MaxClique	400	2	0	0
brock800_1.clq	MaxClique	800	2	0	0
brock800_2.clq	MaxClique	800	2	0	0
brock800_3.clq	MaxClique	800	2	0	0
brock800_4.clq	MaxClique	800	2	0	0
c-fat200-1.clq	MaxClique	200	2	0	0
c-fat200-2.clq	MaxClique	200	2	0	0
c-fat200-5.clq	MaxClique	200	2	0	0
c-fat500-10.clq	MaxClique	500	2	0	0
c-fat500-1.clq	MaxClique	500	2	0	0
c-fat500-2.clq	MaxClique	500	2	0	0
c-fat500-5.clq	MaxClique	500	2	0	0
hamming10-2.clq	MaxClique	1024	2	0	0
hamming10-4.clq	MaxClique	1024	2	0	0
hamming6-2.clq	MaxClique	64	2	0	0
hamming6-4.clq	MaxClique	64	2	0	0
hamming8-2.clq	MaxClique	256	2	0	0
hamming8-4.clq	MaxClique	256	2	0	0
johnson16-2-4.clq	MaxClique	120	2	0	0
johnson32-2-4.clq	MaxClique	496	2	0	0
johnson8-2-4.clq	MaxClique	28	2	0	0
johnson8-4-4.clq	MaxClique	70	2	0	0
keller4.clq	MaxClique	171	2	0	0
keller5.clq	MaxClique	776	2	0	0
MANN_a27.clq	MaxClique	378	2	0	0
MANN_a45.clq	MaxClique	1035	2	0	0
MANN_a81.clq	MaxClique	3321	2	0	0
MANN_a9.clq	MaxClique	45	2	0	0
p_hat1000-1.clq	MaxClique	1000	2	0	0
p_hat1000-2.clq	MaxClique	1000	2	0	0
p_hat1000-3.clq	MaxClique	1000	2	0	0
p_hat300-1.clq	MaxClique	300	2	0	0
p_hat300-2.clq	MaxClique	300	2	0	0
p_hat300-3.clq	MaxClique	300	2	0	0
p_hat500-1.clq	MaxClique	500	2	0	0
p_hat500-2.clq	MaxClique	500	2	0	0
p_hat500-3.clq	MaxClique	500	2	0	0
p_hat700-1.clq	MaxClique	700	2	0	0
p_hat700-2.clq	MaxClique	700	2	0	0
p_hat700-3.clq	MaxClique	700	2	0	0
san1000.clq	MaxClique	1000	2	0	0
san200_0.7_1.clq	MaxClique	200	2	0	0
san200_0.7_2.clq	MaxClique	200	2	0	0
san200_0.9_1.clq	MaxClique	200	2	0	0
san200_0.9_2.clq	MaxClique	200	2	0	0
san200_0.9_3.clq	MaxClique	200	2	0	0
san400_0.5_1.clq	MaxClique	400	2	0	0
san400_0.7_1.clq	MaxClique	400	2	0	0
san400_0.7_2.clq	MaxClique	400	2	0	0
san400_0.7_3.clq	MaxClique	400	2	0	0
san400_0.9_1.clq	MaxClique	400	2	0	0
sanr200_0.7.clq	MaxClique	200	2	0	0
sanr200_0.9.clq	MaxClique	200	2	0	0
sanr400_0.5.clq	MaxClique	400	2	0	0
sanr400_0.7.clq	MaxClique	400	2	0	0
normalized-mps-v2-20-10-bm23.opb.msat	MIPLib	8642	20	14	1
normalized-mps-v2-20-10-cracpb1.opb.msat	MIPLib	17336	14	12	0
normalized-mps-v2-20-10-l152lav.opb.msat	MIPLib	24570	16	2	0
normalized-mps-v2-20-10-lp4l.opb.msat	MIPLib	10516	10	1	0
normalized-mps-v2-20-10-lseu.opb.msat	MIPLib	5931	23	11	2
normalized-mps-v2-20-10-mod008.opb.msat	MIPLib	10309	93	44	34
normalized-mps-v2-20-10-mod010.opb.msat	MIPLib	24776	4	0	0
normalized-mps-v2-20-10-p0033.opb.msat	MIPLib	548	9	0	0
normalized-mps-v2-20-10-p0040.opb.msat	MIPLib	123	10	1	0
normalized-mps-v2-20-10-p0201.opb.msat	MIPLib	4746	14	2	0
normalized-mps-v2-20-10-p0548.opb.msat	MIPLib	5519	14	14	0
normalized-mps-v2-20-10-sentoy.opb.msat	MIPLib	13262	16	111	0
103c9978-5408-11df-9bc1-00163e7a6f5e_l1	PackupWeighted	7076	15	1	0
1aabfc32-d491-11df-9a24-00163e3d3b7c_l2	PackupWeighted	22590	69	40	4
26f3d4cc-d470-11df-9e6c-00163e3d3b7c_l2	PackupWeighted	21574	68	28	2
29180036-5408-11df-9f57-00163e7a6f5e_l1	PackupWeighted	7076	15	1	0
29180036-5408-11df-9f57-00163e7a6f5e_l2	PackupWeighted	8582	15	1	0
2c3aece6-c8b2-11df-a040-00163e3d3b7c_l1	PackupWeighted	18497	71	42	7
2c3aece6-c8b2-11df-a040-00163e3d3b7c_l2	PackupWeighted	25554	71	43	7
3e4f8550-0b33-11df-942d-00163e1d94dc_l1	PackupWeighted	2251	47	13	7
3e4f8550-0b33-11df-942d-00163e1d94dc_l2	PackupWeighted	2251	47	13	7
4a69cf16-c731-11df-9182-00163e3d3b7c_l1	PackupWeighted	1458	9	0	0
4a69cf16-c731-11df-9182-00163e3d3b7c_l2	PackupWeighted	24995	72	69	14
4ede8d96-c17a-11df-a7c5-00163e3d3b7c_l1	PackupWeighted	1063	8	0	0
5698a62c-c731-11df-9bb9-00163e3d3b7c_l1	PackupWeighted	1458	9	0	0
56ae4afa-0b33-11df-8a2b-00163e1d94dc_l1	PackupWeighted	2251	39	6	1
56e31304-c17a-11df-b070-00163e3d3b7c_l1	PackupWeighted	1063	8	0	0
6b0d1da0-c730-11df-a7c5-00163e3d3b7c_l1	PackupWeighted	1518	9	0	0
7bf50d1c-9b1b-11df-8b50-00163e46d37a_l1	PackupWeighted	7343	68	3	2
7bf50d1c-9b1b-11df-8b50-00163e46d37a_l2	PackupWeighted	8313	68	3	2
7f80e4f0-4fe9-11e0-acd7-00163e1e087d_l1	PackupWeighted	1093	13	8	0
7f80e4f0-4fe9-11e0-acd7-00163e1e087d_l2	PackupWeighted	14035	24	6	2
80cfe9a6-9b1b-11df-965e-00163e46d37a_l1	PackupWeighted	7343	68	3	2
80e3fda2-9501-11e0-8001-00163e1e087d_l2	PackupWeighted	7020	71	7	4
8222799a-9af8-11df-8b50-00163e46d37a_l1	PackupWeighted	7341	68	3	2
8222799a-9af8-11df-8b50-00163e46d37a_l2	PackupWeighted	8311	68	3	2
8680dd8a-8600-11e0-b285-00163e1e087d_l2	PackupWeighted	20150	48	29	5
8afdd89e-51b8-11e0-acd7-00163e1e087d_l1	PackupWeighted	1087	12	8	0
8b0e7c16-bab4-11e0-a883-00163e1e087d_l2	PackupWeighted	22337	51	42	3
978532fa-c730-11df-b070-00163e3d3b7c_l1	PackupWeighted	1518	9	0	0
a754ac72-95cc-11e0-9181-00163e1e087d_l2	PackupWeighted	7020	71	7	4
ab9005be-bacc-11e0-b0f6-00163e1e087d_l1	PackupWeighted	491	7	0	0
ab9005be-bacc-11e0-b0f6-00163e1e087d_l2	PackupWeighted	22337	51	42	3
b2540c52-51b7-11e0-aa4f-00163e1e087d_l1	PackupWeighted	1087	12	8	0
bccf69ae-db9e-11df-9a24-00163e3d3b7c_l1	PackupWeighted	10165	35	18	1
c2164c84-b015-11df-8b50-00163e46d37a_l1	PackupWeighted	7272	45	2	2
c2164c84-b015-11df-8b50-00163e46d37a_l2	PackupWeighted	9264	45	2	2
ca8f656c-db9e-11df-b9cf-00163e3d3b7c_l2	PackupWeighted	12140	35	18	1
caefdef6-3477-11e0-84ef-00163e3d3b7c_l1	PackupWeighted	8896	73	18	4
caefdef6-3477-11e0-84ef-00163e3d3b7c_l2	PackupWeighted	10821	73	18	4
cff22854-9512-11e0-8001-00163e1e087d_l2	PackupWeighted	7020	71	7	4
d023d256-3477-11e0-bdb2-00163e3d3b7c_l1	PackupWeighted	8896	73	18	4
d023d256-3477-11e0-bdb2-00163e3d3b7c_l2	PackupWeighted	10821	73	18	4
d0cc7514-c730-11df-a040-00163e3d3b7c_l1	PackupWeighted	1458	9	0	0
d5026b8e-3477-11e0-986e-00163e3d3b7c_l1	PackupWeighted	8896	73	18	4
dba3a3fe-3477-11e0-9e6c-00163e3d3b7c_l1	PackupWeighted	8896	73	18	4
dba3a3fe-3477-11e0-9e6c-00163e3d3b7c_l2	PackupWeighted	10821	73	18	4
deb285a6-db9e-11df-8f4f-00163e3d3b7c_l2	PackupWeighted	12140	35	18	1
e0bd67a6-56d0-11df-b11f-00163e7a6f5e_l1	PackupWeighted	6635	7	0	0
e0bd67a6-56d0-11df-b11f-00163e7a6f5e_l2	PackupWeighted	8151	7	0	0
e2f6303a-4fe9-11e0-aa4f-00163e1e087d_l1	PackupWeighted	1093	13	8	0
e381ba7e-a192-11e0-8647-00163e1e087d_l2	PackupWeighted	7020	71	7	4
e599f3fc-360e-11e0-986e-00163e3d3b7c_l1	PackupWeighted	8888	107	18	4
e69a0e36-9ef1-11df-9d4a-00163e46d37a_l1	PackupWeighted	1260	9	0	0
ec32fc68-7254-11e0-8436-00163e1e087d_l1	PackupWeighted	9075	13	4	0
eeee44ce-5407-11df-b11f-00163e7a6f5e_l1	PackupWeighted	7076	15	1	0
eeee44ce-5407-11df-b11f-00163e7a6f5e_l2	PackupWeighted	8582	15	1	0
f4ebf9e0-360e-11e0-9e6c-00163e3d3b7c_l1	PackupWeighted	8888	107	18	4
fa3d0fb2-db9e-11df-a0ec-00163e3d3b7c_l1	PackupWeighted	10165	35	18	1
ff4a1d84-d490-11df-9e6c-00163e3d3b7c_l1	PackupWeighted	1122	8	0	0
rand116_l2	PackupWeighted	20091	177	60	21
rand118_l2	PackupWeighted	20411	113	63	24
rand131_l2	PackupWeighted	20955	177	66	22
rand172_l1	PackupWeighted	5111	127	16	4
rand179_l1	PackupWeighted	5526	56	27	15
rand196_l1	PackupWeighted	4953	21	10	1
rand196_l2	PackupWeighted	19818	177	60	22
rand208_l1	PackupWeighted	6385	41	38	7
rand208_l2	PackupWeighted	19895	177	54	18
rand213_l2	PackupWeighted	12894	49	25	4
rand220_l2	PackupWeighted	19976	177	54	18
rand242_l1	PackupWeighted	3879	37	22	8
rand293_l1	PackupWeighted	7246	113	26	9
rand307_l2	PackupWeighted	12825	49	25	4
rand308_l2	PackupWeighted	13182	76	39	10
rand30_l1	PackupWeighted	5030	22	9	2
rand377_l2	PackupWeighted	13601	49	36	10
rand381_l1	PackupWeighted	1711	11	3	0
rand393_l1	PackupWeighted	1879	11	3	0
rand425_l1	PackupWeighted	6891	112	18	7
rand446_l1	PackupWeighted	3142	22	14	2
rand491_l2	PackupWeighted	19835	177	55	19
rand507_l1	PackupWeighted	3087	42	10	5
rand507_l2	PackupWeighted	13240	76	41	11
rand547_l2	PackupWeighted	20220	177	57	19
rand583_l2	PackupWeighted	12880	49	25	4
rand653_l2	PackupWeighted	13264	126	33	11
rand695_l1	PackupWeighted	2030	11	3	0
rand717_l2	PackupWeighted	20877	177	61	21
rand752_l1	PackupWeighted	5024	56	16	3
rand83_l1	PackupWeighted	4264	12	6	0
rand83_l2	PackupWeighted	19670	177	54	18
rand869_l1	PackupWeighted	5018	25	15	3
rand874_l1	PackupWeighted	6155	56	17	3
rand892_l1	PackupWeighted	2332	11	4	0
rand892_l2	PackupWeighted	13295	126	41	11
rand929_l2	PackupWeighted	12932	76	38	10
rand954_l1	PackupWeighted	2847	37	13	6
rand981_l2	PackupWeighted	19660	177	54	18
rand984_l1	PackupWeighted	4695	22	11	2
rand984_l2	PackupWeighted	21389	177	62	22
WCNF_pathways_p01	PlanningWithPref	1006	17	36	0
WCNF_pathways_p02	PlanningWithPref	1549	13	54	0
WCNF_pathways_p03	PlanningWithPref	2497	20	63	63
WCNF_pathways_p04	PlanningWithPref	2999	23	63	63
WCNF_pathways_p05	PlanningWithPref	5233	23	130	126
WCNF_pathways_p06	PlanningWithPref	14267	36	520	280
WCNF_pathways_p07	PlanningWithPref	10696	41	256	164
WCNF_pathways_p08	PlanningWithPref	12307	42	271	164
WCNF_pathways_p09	PlanningWithPref	9029	49	129	108
WCNF_pathways_p10	PlanningWithPref	16015	40	546	271
WCNF_pathways_p11	PlanningWithPref	6698	48	99	86
WCNF_pathways_p12	PlanningWithPref	10731	39	205	135
WCNF_pathways_p14	PlanningWithPref	9172	44	123	108
WCNF_pathways_p16	PlanningWithPref	23858	56	610	233
WCNF_pathways_p17	PlanningWithPref	28062	61	715	276
WCNF_pathways_p18	PlanningWithPref	10946	47	137	112
WCNF_pathways_p20	PlanningWithPref	14507	53	239	138
WCNF_storage_p01	PlanningWithPref	507	10	2	0
WCNF_storage_p02	PlanningWithPref	4217	33	386	17
WCNF_storage_p03	PlanningWithPref	6892	67	488	17
WCNF_storage_p04	PlanningWithPref	5100	125	173	9
WCNF_storage_p05	PlanningWithPref	16814	42	222	83
WCNF_storage_p06	PlanningWithPref	19877	241	200	84
WCNF_storage_p07	PlanningWithPref	36639	372	382	158
WCNF_trucks_p01	PlanningWithPref	6681	22	206	117
WCNF_trucks_p02	PlanningWithPref	16880	37	374	311
WCNF_trucks_p03	PlanningWithPref	25736	56	728	403
WCNF_trucks_p04	PlanningWithPref	46429	81	1280	552
WCNF_trucks_p05	PlanningWithPref	69409	108	2050	698
comp01	TimeTabling	13864	30	2	2
comp02	TimeTabling	111869	16	47	0
comp03	TimeTabling	74178	25	37	2
comp04	TimeTabling	93497	18	37	0
comp05	TimeTabling	34902	36	3	3
comp06	TimeTabling	107670	18	56	0
comp07	TimeTabling	216804	20	82	47
comp08	TimeTabling	116948	18	49	0
comp09	TimeTabling	107448	18	48	0
comp10	TimeTabling	149513	25	70	1
comp12	TimeTabling	83492	36	138	1
comp13	TimeTabling	113012	19	38	0
comp14	TimeTabling	114680	17	48	0
comp15	TimeTabling	74178	25	37	2
comp16	TimeTabling	150222	20	66	39
comp17	TimeTabling	146057	17	64	0
comp18	TimeTabling	41185	9	0	0
comp19	TimeTabling	110890	16	44	0
comp20	TimeTabling	118188	19	63	0
comp21	TimeTabling	131373	25	66	2
dds1	TimeTabling	903884	21	1145	71
test1	TimeTabling	21022	20	18	2
test2	TimeTabling	36375	12	25	0
test3	TimeTabling	65415	20	31	2
test4	TimeTabling	69420	25	30	2
mancoosi-test-i1000d0u98-0	Upgradeability	18169	77	365	153
mancoosi-test-i1000d0u98-10	Upgradeability	18169	77	365	153
mancoosi-test-i1000d0u98-11	Upgradeability	18169	77	365	153
mancoosi-test-i1000d0u98-12	Upgradeability	18169	77	365	153
mancoosi-test-i1000d0u98-13	Upgradeability	18169	77	365	153
mancoosi-test-i1000d0u98-14	Upgradeability	18169	77	365	153
mancoosi-test-i1000d0u98-15	Upgradeability	18169	77	365	153
mancoosi-test-i1000d0u98-16	Upgradeability	18169	77	365	153
mancoosi-test-i1000d0u98-17	Upgradeability	18169	77	365	153
mancoosi-test-i1000d0u98-18	Upgradeability	18169	77	365	153
mancoosi-test-i1000d0u98-19	Upgradeability	18169	77	365	153
mancoosi-test-i1000d0u98-1	Upgradeability	18169	77	365	153
mancoosi-test-i1000d0u98-20	Upgradeability	18169	77	365	153
mancoosi-test-i1000d0u98-21	Upgradeability	18169	77	365	153
mancoosi-test-i1000d0u98-22	Upgradeability	18169	77	365	153
mancoosi-test-i1000d0u98-23	Upgradeability	18169	77	365	153
mancoosi-test-i1000d0u98-24	Upgradeability	18169	77	365	153
mancoosi-test-i1000d0u98-2	Upgradeability	18169	77	365	153
mancoosi-test-i1000d0u98-3	Upgradeability	18169	77	365	153
mancoosi-test-i1000d0u98-4	Upgradeability	18169	77	365	153
mancoosi-test-i1000d0u98-5	Upgradeability	18169	77	365	153
mancoosi-test-i1000d0u98-6	Upgradeability	18169	77	365	153
mancoosi-test-i1000d0u98-7	Upgradeability	18169	77	365	153
mancoosi-test-i1000d0u98-8	Upgradeability	18169	77	365	153
mancoosi-test-i1000d0u98-9	Upgradeability	18169	77	365	153
mancoosi-test-i2000d0u98-25	Upgradeability	18169	77	365	153
mancoosi-test-i2000d0u98-26	Upgradeability	18169	77	365	153
mancoosi-test-i2000d0u98-27	Upgradeability	18169	77	365	153
mancoosi-test-i2000d0u98-28	Upgradeability	18169	77	365	153
mancoosi-test-i2000d0u98-29	Upgradeability	18169	77	365	153
mancoosi-test-i2000d0u98-30	Upgradeability	18169	77	365	153
mancoosi-test-i2000d0u98-31	Upgradeability	18169	77	365	153
mancoosi-test-i2000d0u98-32	Upgradeability	18169	77	365	153
mancoosi-test-i2000d0u98-33	Upgradeability	18169	77	365	153
mancoosi-test-i2000d0u98-34	Upgradeability	18169	77	365	153
mancoosi-test-i2000d0u98-35	Upgradeability	18169	77	365	153
mancoosi-test-i2000d0u98-36	Upgradeability	18169	77	365	153
mancoosi-test-i2000d0u98-37	Upgradeability	18169	77	365	153
mancoosi-test-i2000d0u98-38	Upgradeability	18169	77	365	153
mancoosi-test-i2000d0u98-39	Upgradeability	18169	77	365	153
mancoosi-test-i2000d0u98-40	Upgradeability	18169	77	365	153
mancoosi-test-i2000d0u98-41	Upgradeability	18169	77	365	153
mancoosi-test-i2000d0u98-42	Upgradeability	18169	77	365	153
mancoosi-test-i2000d0u98-43	Upgradeability	18169	77	365	153
mancoosi-test-i2000d0u98-44	Upgradeability	18169	77	365	153
mancoosi-test-i2000d0u98-45	Upgradeability	18169	77	365	153
mancoosi-test-i2000d0u98-46	Upgradeability	18169	77	365	153
mancoosi-test-i2000d0u98-47	Upgradeability	18169	77	365	153
mancoosi-test-i2000d0u98-48	Upgradeability	18169	77	365	153
mancoosi-test-i2000d0u98-49	Upgradeability	18169	77	365	153
mancoosi-test-i3000d0u98-50	Upgradeability	18169	77	365	153
mancoosi-test-i3000d0u98-51	Upgradeability	18169	77	365	153
mancoosi-test-i3000d0u98-52	Upgradeability	18169	77	365	153
mancoosi-test-i3000d0u98-53	Upgradeability	18169	77	365	153
mancoosi-test-i3000d0u98-54	Upgradeability	18169	77	365	153
mancoosi-test-i3000d0u98-55	Upgradeability	18169	77	365	153
mancoosi-test-i3000d0u98-56	Upgradeability	18169	77	365	153
mancoosi-test-i3000d0u98-57	Upgradeability	18169	77	365	153
mancoosi-test-i3000d0u98-58	Upgradeability	18169	77	365	153
mancoosi-test-i3000d0u98-59	Upgradeability	18169	77	365	153
mancoosi-test-i3000d0u98-60	Upgradeability	18169	77	365	153
mancoosi-test-i3000d0u98-61	Upgradeability	18169	77	365	153
mancoosi-test-i3000d0u98-62	Upgradeability	18169	77	365	153
mancoosi-test-i3000d0u98-63	Upgradeability	18169	77	365	153
mancoosi-test-i3000d0u98-64	Upgradeability	18169	77	365	153
mancoosi-test-i3000d0u98-65	Upgradeability	18169	77	365	153
mancoosi-test-i3000d0u98-66	Upgradeability	18169	77	365	153
mancoosi-test-i3000d0u98-67	Upgradeability	18169	77	365	153
mancoosi-test-i3000d0u98-68	Upgradeability	18169	77	365	153
mancoosi-test-i3000d0u98-69	Upgradeability	18169	77	365	153
mancoosi-test-i3000d0u98-70	Upgradeability	18169	77	365	153
mancoosi-test-i3000d0u98-71	Upgradeability	18169	77	365	153
mancoosi-test-i3000d0u98-72	Upgradeability	18169	77	365	153
mancoosi-test-i3000d0u98-73	Upgradeability	18169	77	365	153
mancoosi-test-i3000d0u98-74	Upgradeability	18169	77	365	153
mancoosi-test-i4000d0u98-75	Upgradeability	18169	77	365	153
mancoosi-test-i4000d0u98-76	Upgradeability	18169	77	365	153
mancoosi-test-i4000d0u98-77	Upgradeability	18169	77	365	153
mancoosi-test-i4000d0u98-78	Upgradeability	18169	77	365	153
mancoosi-test-i4000d0u98-79	Upgradeability	18169	77	365	153
mancoosi-test-i4000d0u98-80	Upgradeability	18169	77	365	153
mancoosi-test-i4000d0u98-81	Upgradeability	18169	77	365	153
mancoosi-test-i4000d0u98-82	Upgradeability	18169	77	365	153
mancoosi-test-i4000d0u98-83	Upgradeability	18169	77	365	153
mancoosi-test-i4000d0u98-84	Upgradeability	18169	77	365	153
mancoosi-test-i4000d0u98-85	Upgradeability	18169	77	365	153
mancoosi-test-i4000d0u98-86	Upgradeability	18169	77	365	153
mancoosi-test-i4000d0u98-87	Upgradeability	18169	77	365	153
mancoosi-test-i4000d0u98-88	Upgradeability	18169	77	365	153
mancoosi-test-i4000d0u98-89	Upgradeability	18169	77	365	153
mancoosi-test-i4000d0u98-90	Upgradeability	18169	77	365	153
mancoosi-test-i4000d0u98-91	Upgradeability	18169	77	365	153
mancoosi-test-i4000d0u98-92	Upgradeability	18169	77	365	153
mancoosi-test-i4000d0u98-93	Upgradeability	18169	77	365	153
mancoosi-test-i4000d0u98-94	Upgradeability	18169	77	365	153
mancoosi-test-i4000d0u98-95	Upgradeability	18169	77	365	153
mancoosi-test-i4000d0u98-96	Upgradeability	18169	77	365	153
mancoosi-test-i4000d0u98-97	Upgradeability	18169	77	365	153
mancoosi-test-i4000d0u98-98	Upgradeability	18169	77	365	153
mancoosi-test-i4000d0u98-99	Upgradeability	18169	77	365	153
